,Q,Omega
2020-10-02,-0.025293725047745085,37.79434899385695
2020-10-05,0.3434271201549829,38.90826934517656
2020-10-06,0.19531642594275953,38.96427345168416
2020-10-07,-0.2313852725836934,37.289178424917175
2020-10-08,-0.42823367711297927,40.83242897850148
2020-10-09,-0.19577971556923454,37.03587257450714
2020-10-12,0.26017372994318017,39.76656386967547
2020-10-13,-0.08500960665396617,41.630398608846996
2020-10-14,0.1719733458990606,40.36270347040309
2020-10-15,0.0005376403222208808,40.20001413490308
2020-10-16,-0.3483549125903819,39.11107864225892
2020-10-19,0.25877345179512407,39.35497630424057
2020-10-20,0.42245555139402424,39.20650271108601
2020-10-21,-0.024896899904883613,39.322508568024816
2020-10-22,-0.33478341221229185,38.96382047605426
2020-10-23,0.07720211119074005,42.54453616487886
2020-10-26,0.5320228498863462,34.740680629095394
2020-10-27,0.4397244236116227,40.06625034619417
2020-10-28,-0.07670718008888078,39.08615392552674
2020-10-29,-0.22347894402786825,38.099346243424904
2020-10-30,-0.19272380968436897,42.08890938755305
2020-11-02,0.29668537647445425,38.68821202713341
2020-11-03,-0.15998776384744337,40.30745093632494
2020-11-04,0.018973958887529896,39.36824376528177
2020-11-05,0.14909175691343704,36.21610153329683
2020-11-06,0.017165280998526582,42.557261172395336
2020-11-09,-0.03900663202846357,38.852930527481675
2020-11-10,0.3375194164045852,42.52837769360609
2020-11-11,0.18566203941898365,36.90301082325723
2020-11-12,-0.04517920917131014,38.61225944264342
2020-11-13,0.05312413816314307,39.31008037704804
2020-11-16,0.06189350388291524,37.08010841441861
2020-11-17,-0.022111104999299473,32.574202448922435
2020-11-18,0.14359098735689807,28.385560763727405
2020-11-19,0.10625522190182732,30.144444567392117
2020-11-20,0.009931002967239947,31.709387327966326
2020-11-23,0.11588820376375304,42.73593238451818
2020-11-24,-0.16605264960911403,39.85020383255841
2020-11-25,0.3114282577228419,37.040527758362394
2020-11-27,0.6024637525453136,37.10641103304155
2020-11-30,0.14361847701927677,39.20159590014038
2020-12-01,0.07911151948390294,38.90214408800651
2020-12-02,0.17609055914861618,38.491399045277774
2020-12-03,0.11789846809979525,37.08527624010601
2020-12-04,0.18672540360531661,37.76432443652972
2020-12-07,0.7954377975119161,31.38212053507721
2020-12-08,0.49035780531363865,34.218846407161315
2020-12-09,0.7173287810276574,34.80263733612893
2020-12-10,0.519314678184614,30.257203091840633
2020-12-11,0.7340326159061918,30.150784045145926
2020-12-14,0.7003787843461612,23.029893581616303
2020-12-15,0.5141182113984375,22.354321000770653
2020-12-16,0.7756279798648589,21.105407640393487
2020-12-17,0.7952316925412873,19.684447482785437
2020-12-18,0.8709385779861429,19.796283787726335
2020-12-21,0.6824873506006902,25.041128835678514
2020-12-22,0.8075407797442482,15.477613004413952
2020-12-23,0.33024847099914284,17.706415876403135
2020-12-24,0.4541954366017112,16.54469561711
2020-12-28,0.536549913721439,14.880660866925508
2020-12-29,0.7234808126402945,17.06345846461096
2020-12-30,0.6583817336185805,15.883418227151068
2020-12-31,0.7502769470829938,16.05383849774107
2021-01-04,0.552609650062234,14.960368778465439
2021-01-05,0.6634989796276919,14.69581792147016
2021-01-06,0.7974685601674553,13.432064684473342
2021-01-07,0.6956972433822772,13.483941100070378
2021-01-08,0.5729740274409307,13.16947135881231
2021-01-11,0.6362619621080173,13.021727033317633
2021-01-12,0.5335407172498944,14.563914936024565
2021-01-13,0.5357261160993804,14.726331811176363
2021-01-14,0.785317850122926,12.533449045929192
2021-01-15,0.6112531660867391,13.00627566723858
2021-01-19,0.7371024208918608,13.36968481607032
2021-01-20,0.7523544389003659,11.771022777183472
2021-01-21,0.5988918546603623,13.257119331137028
2021-01-22,0.6324594911887942,12.290241921143759
2021-01-25,0.5637299643912522,12.692585659812394
2021-01-26,0.8304703302428089,12.727519351723632
2021-01-27,0.549236811995314,12.23331536613011
2021-01-28,0.6538811306361543,11.970378299360892
2021-01-29,0.540700677512114,12.215102455763873
2021-02-01,0.4732098806833547,11.969007068842307
2021-02-02,0.3613810660222708,11.636788196407881
2021-02-03,0.4026292248752039,12.682843837088969
2021-02-04,0.5420128764554734,12.32166489132317
2021-02-05,0.6621215680439656,11.783367907133417
2021-02-08,0.45968104182442654,11.084898869388962
2021-02-09,0.5106346673594742,11.27614128984424
2021-02-10,0.6634163389365129,11.56381676180105
2021-02-11,0.5685576716868805,11.696271879766996
2021-02-12,0.7813056259392918,11.951738100090513
2021-02-16,0.8259069215407596,12.128303299497535
2021-02-17,0.6239664525739438,11.891016337565768
2021-02-18,0.7204408680425437,10.402142614691293
2021-02-19,0.6948912048557779,10.975111208110949
2021-02-22,0.7463473700156004,11.220014895060611
2021-02-23,0.535270826823644,10.872055069355627
2021-02-24,0.7877654043530451,11.478374507095477
2021-02-25,0.4899394863721961,10.205527964629376
2021-02-26,0.5089802930607621,11.030795956946783
2021-03-01,0.38107927307187905,10.743706049321528
2021-03-02,0.48926386281001477,9.879092497401897
2021-03-03,0.5386750322966825,11.77743371482866
2021-03-04,0.4565128363236795,11.856677946782249
2021-03-05,0.3780609090613854,12.068805147650334
2021-03-08,0.34910758919919105,11.025673865182151
2021-03-09,0.4593219969243463,10.649543804320187
2021-03-10,0.5983122449099229,10.918914464016344
2021-03-11,0.6358312909292795,10.536973178998874
2021-03-12,0.4541295181215406,11.122411104993715
2021-03-15,0.7556816483466302,9.35496114624055
2021-03-16,0.4866283331766448,9.578315126480991
2021-03-17,0.64804549552853,9.695027971718151
2021-03-18,0.5052734893948754,9.443113946300675
2021-03-19,0.46483412268128627,8.585390010663035
2021-03-22,0.5315547450741545,9.26354274817829
2021-03-23,0.46606805294766024,9.673378820436467
2021-03-24,0.507201077769769,9.215614225961628
2021-03-25,0.49542193264935325,9.877840311986459
2021-03-26,0.5245974481724986,9.23495445684086
2021-03-29,0.46809650465258823,9.554867539369688
2021-03-30,0.5502137433485407,8.718968858686617
2021-03-31,0.4150868628019215,9.171545149537597
2021-04-01,0.7347314601569597,9.001385035017773
2021-04-05,0.508063421733028,9.629641473201682
2021-04-06,0.4540590010172472,8.89726806263462
2021-04-07,0.28184240573518343,9.243906475649386
2021-04-08,0.5971572894133219,8.929868995095573
2021-04-09,0.6446602024400238,9.22869273318291
2021-04-12,0.4716456031546771,8.001868761567936
2021-04-13,0.42964286191640516,8.6325356919615
2021-04-14,0.8142706189353699,9.314218287991384
2021-04-15,0.3791044796396168,9.068561729512632
2021-04-16,0.45177815485617373,9.219748792656654
2021-04-19,0.5144835588566404,9.33124374374413
2021-04-20,0.3995022574327782,8.963697767830746
2021-04-21,0.34956011126930614,8.40231897512049
2021-04-22,0.5929948271984105,9.350010497850572
2021-04-23,0.45093112447399686,9.112427480877084
2021-04-26,0.3182141929355427,9.313135474345444
2021-04-27,0.5158791806213956,9.221420611019472
2021-04-28,0.3344802156119041,9.663117355600889
2021-04-29,0.48562476886233047,9.931884509242845
2021-04-30,0.30924856208621465,9.80615678915161
2021-05-03,0.4591840382673378,9.443881918676189
2021-05-04,0.45391133112502763,8.855684515903418
2021-05-05,0.3969780162653293,9.051371651304624
2021-05-06,0.4536934377866804,9.747111681433987
2021-05-07,0.5502173918245571,9.292284072581872
2021-05-10,0.47425387563030397,9.38731750719409
2021-05-11,0.2967167150702522,9.797894848123207
2021-05-12,0.4553805335195048,9.733597485907962
2021-05-13,0.5139167733481287,10.112173973289439
2021-05-14,0.5319547650758341,8.922160430924134
2021-05-17,0.4011897811248175,10.141159313594471
2021-05-18,0.520080277858968,10.176007069450913
2021-05-19,0.4263867904330242,10.13106773862212
2021-05-20,0.3850268455265443,9.423981245636448
2021-05-21,0.3945614777713738,10.323919960221954
2021-05-24,0.5270159653615155,10.409888953055095
2021-05-25,0.4522018667521498,9.901317199808691
2021-05-26,0.4035586728119356,9.71924055807655
2021-05-27,0.4164213535522462,10.052785717367643
2021-05-28,0.3656598145620761,9.899273262241886
2021-06-01,0.4399788849229024,9.939425999248495
2021-06-02,0.6201469979309929,9.369483309817348
2021-06-03,0.5511563044829855,9.360515778740321
2021-06-04,0.547875749122346,9.853705152230482
2021-06-07,0.4288298699945346,9.478617119378642
2021-06-08,0.5217669939804891,9.197602190247984
2021-06-09,0.38693782576114577,8.890120698126346
2021-06-10,0.5349000112893101,8.751330923134057
2021-06-11,0.44221978565035075,9.43953892254022
2021-06-14,0.4333673630263871,8.469239600946228
2021-06-15,0.3769669554144961,8.44391763086092
2021-06-16,0.5002885580275002,9.388917594797926
2021-06-17,0.2791020536008516,6.313652551597725
2021-06-18,0.47664397367351863,6.489289983283082
2021-06-21,0.5258147590475567,6.688468597232568
2021-06-22,0.3188724513338662,6.673918489599398
2021-06-23,0.5380315830437159,6.697786180632735
2021-06-24,0.541609642629074,6.359565394427093
2021-06-25,0.5966004248055808,6.032550135004738
2021-06-28,0.5287432717522551,6.478337177712423
2021-06-29,0.4106821069828327,6.311074330697583
2021-06-30,0.5349102124205829,5.994759828341627
2021-07-01,0.3095515766270753,6.715981519590882
2021-07-02,0.4714956217320487,6.1595700090911905
2021-07-06,0.49843204898889587,6.147451939764134
2021-07-07,0.36332436302718984,7.161560516497958
2021-07-08,0.39138207981811307,6.532340620371682
2021-07-09,0.33309694472448315,6.089681096734055
2021-07-12,0.49911909234726975,6.307792487519097
2021-07-13,0.296296463099845,8.539047576562638
2021-07-14,0.3812593012937705,6.564058923118588
2021-07-15,0.30892930722676304,6.380297722746032
2021-07-16,0.4426556953128536,6.115124677444142
2021-07-19,0.3501346714135814,5.986013473680096
2021-07-20,0.2910448023963833,8.392879110070584
2021-07-21,0.3116253394847183,6.389369504966818
2021-07-22,0.3566155119080503,6.472711566281281
2021-07-23,0.4629664176873385,6.610422018270128
2021-07-26,0.2591277386501623,9.108235074870306
2021-07-27,0.5130210626744486,8.367065461065282
2021-07-28,0.28541371713825514,8.365729111338474
2021-07-29,0.5540032591188331,9.073861656799311
2021-07-30,0.5621757985080631,8.23497731973684
2021-08-02,0.36523611464172007,7.471401475069957
2021-08-03,0.47716377916448144,7.319259242277461
2021-08-04,0.5289075641497603,7.732370375207074
2021-08-05,0.4749547882934437,8.210685878094607
2021-08-06,0.37389659730215885,7.867111899265392
2021-08-09,0.5175254592094841,7.708844803032777
2021-08-10,0.4543286490493094,7.654224139084469
2021-08-11,0.3518804860915094,5.133548277048582
2021-08-12,0.48862636645432955,5.388609642405547
2021-08-13,0.5154884473646132,4.924756119898138
2021-08-16,0.381739099491594,5.365705232221224
2021-08-17,0.38545235297343194,4.768260485835755
2021-08-18,0.540052830986467,5.334673928561104
2021-08-19,0.3654878524711329,4.9572029988458635
2021-08-20,0.29029008076560026,5.668671069887172
2021-08-23,0.36036895339723996,4.967478363999553
2021-08-24,0.3757751242563577,5.487838499985626
2021-08-25,0.4188247087832344,5.0668113218539235
2021-08-26,0.2585889249866633,5.343233965217163
2021-08-27,0.37326307270516335,4.952051854896345
2021-08-30,0.38112628130179166,4.563644101062148
2021-08-31,0.5554431157852221,4.879100688511312
2021-09-01,0.37449299516501683,5.01245676010995
2021-09-02,0.32098590915291386,4.745747018459488
2021-09-03,0.3760513746870356,4.71984580644083
2021-09-07,0.23383872506858738,4.755461233072975
2021-09-08,0.38616597716276896,4.890774734372631
2021-09-09,0.34884931249119583,4.696287150101882
2021-09-10,0.24690593583180886,4.944511358710597
2021-09-13,0.34856392020941074,4.427124388736258
2021-09-14,0.2337032007012038,4.706672925130873
2021-09-15,0.35205726806410204,5.40646063629889
2021-09-16,0.2970189147833219,4.8052205576384734
2021-09-17,0.31354874905443597,4.677385131289134
2021-09-20,0.4693142476919371,4.837905665443464
2021-09-21,0.2517048351036455,5.037160811177796
2021-09-22,0.20741009919201917,4.921434247263656
2021-09-23,0.3418214076181684,5.241390299950957
2021-09-24,0.3788487084237119,5.063604497132624
2021-09-27,0.3111918484348828,5.160854053462097
2021-09-28,0.2833361874419295,4.749336086700582
2021-09-29,0.2746284949693103,5.421374664973914
2021-09-30,0.23288937868393295,4.938669854007512
2021-10-01,0.1826828030714935,5.476283453477278
2021-10-04,0.3051217429932451,5.9043372761642265
2021-10-05,0.08896873573427959,5.476488679156637
2021-10-06,0.31140320103239005,5.527016175702145
2021-10-07,0.1655879272020741,5.218148647422415
2021-10-08,0.33059197741734403,5.187292948598779
2021-10-11,0.2555578636469761,4.170260807797255
2021-10-12,0.2882783040304606,3.727058809673344
2021-10-13,0.2533657434156298,4.104801088750292
2021-10-14,0.15925259514310586,3.7957703087372234
2021-10-15,0.2497023807252521,4.217053844189193
2021-10-18,0.3768154894448433,4.232932122754546
2021-10-19,0.16540545950768273,4.057507143703111
2021-10-20,0.38733584533771453,4.441042385181954
2021-10-21,0.27395957950239436,4.252704297235235
2021-10-22,0.31237530887752474,4.202439047280215
2021-10-25,0.26192487786560115,4.284852890296628
2021-10-26,0.1960149454627987,4.186671397479203
2021-10-27,0.30982827537952723,3.611272577212716
2021-10-28,0.20635431039658078,3.536962603349536
2021-10-29,0.35529205190614993,3.787367009473261
2021-11-01,0.3186251655224862,3.7584550362547797
2021-11-02,0.23988588982594528,3.5903118555109432
2021-11-03,0.2009808999425055,3.800876421068525
2021-11-04,0.15569473091984704,3.6245611072177604
2021-11-05,0.2598744917719159,3.7003609029432956
2021-11-08,0.24310167538387062,3.512274767771479
2021-11-09,0.30521337712368724,3.8179697644402295
2021-11-10,0.18367407920931636,3.615872429966607
2021-11-11,0.17612028787599868,3.508168810523107
2021-11-12,0.25289100011214377,3.436323759001194
2021-11-15,0.19688870767242453,4.037721813216598
2021-11-16,0.3893105949843821,3.545370484974327
2021-11-17,0.24616928692907675,3.371975821212928
2021-11-18,0.34736807290401756,3.717580432825816
2021-11-19,0.16807103958519046,3.5123860053012566
2021-11-22,0.3562628737265053,3.9455581559445836
2021-11-23,0.2545924941134097,3.7979971551354947
2021-11-24,0.2734412321286287,3.499004074032173
2021-11-26,0.2609651344854617,3.213091967275667
2021-11-29,0.20812047119243737,3.4785173858078977
2021-11-30,0.23753156871013487,3.2834492064072274
2021-12-01,0.22313413046022104,3.444474868754948
2021-12-02,0.08379078742021087,4.9765654693889845
2021-12-03,0.21830213443217253,3.796215846821786
2021-12-06,0.21885165068892598,2.9918984537944233
2021-12-07,0.13231376935189534,2.5063610701772605
2021-12-08,0.24052031622471642,2.7325258612564762
2021-12-09,0.27426405669914855,2.8621285612647824
2021-12-10,0.2515113069197114,2.945203734280638
2021-12-13,0.26762883708563606,2.743856140476967
2021-12-14,0.15709096778420198,2.854808489665049
2021-12-15,0.2344593876808387,2.7470088777267345
2021-12-16,0.18096615090895507,3.0265114246122358
2021-12-17,0.2349462172698293,2.9233281624426337
2021-12-20,0.2512596708846191,2.9860358905182807
2021-12-21,0.28420398283773746,3.0720988438626247
2021-12-22,0.2748260815075585,2.8699728777132503
2021-12-23,0.3001974203923973,2.8441933022838786
2021-12-27,0.20303536277019033,2.9267660857011997
2021-12-28,0.30273630974640037,3.018529821398571
2021-12-29,0.1927190128427828,2.9884004493393608
2021-12-30,0.26738087245122505,2.7794460977557476
2021-12-31,0.23746999140313102,2.9498661680201774
2022-01-03,0.2399106619568327,3.0397716921798112
2022-01-04,0.2612024720392359,2.824594185806417
2022-01-05,0.213699354483508,2.7111330587873357
2022-01-06,0.2867748184873554,2.9355719196964714
2022-01-07,0.09134566037984851,2.871340924516363
2022-01-10,0.19302229902250365,2.976445891482396
2022-01-11,0.1643025186254065,2.9800014760722835
2022-01-12,0.23120144308627066,3.0488068399739396
2022-01-13,0.27196161830801463,3.0793474966303167
2022-01-14,0.03539108619555431,3.2584013268034724
2022-01-18,0.14797492981398525,4.074391435123412
2022-01-19,0.29974035429229606,4.2544895334465656
2022-01-20,0.10365661810027806,4.002988607233429
2022-01-21,0.1598180038895094,4.188994313435612
2022-01-24,0.08694419145406158,4.3210312992171716
2022-01-25,0.24086925847079466,4.357020635334567
2022-01-26,0.16014233736137976,4.365795537053802
2022-01-27,0.05648096071131899,3.058665682482352
2022-01-28,0.05443351232005857,3.631783169135373
2022-01-31,0.1618129899140591,3.178266732638417
2022-02-01,0.27926985864825304,4.3189023932011885
2022-02-02,0.003830833784683637,4.291430213333655
2022-02-03,0.2418121192489509,4.629477704727442
2022-02-04,0.06556942391735594,4.557472545272676
2022-02-07,0.16253109307019406,4.402246467902711
2022-02-08,0.26119925083980333,4.770609574609911
2022-02-09,0.06963131288806737,4.4299328904122275
2022-02-10,0.002576159726648719,4.471311767980807
2022-02-11,0.11423240760977033,4.884738665853003
2022-02-14,0.16664602709651227,4.431142335827089
2022-02-15,0.09906899276680879,4.802984615505936
2022-02-16,0.11946910280687019,4.644580558274667
2022-02-17,0.09312799280666377,3.827575049621807
2022-02-18,0.04779694120740653,3.9337974980096004
2022-02-22,-0.02008357985604241,3.7038307480246093
2022-02-23,0.11008757747564633,3.9343289451066763
2022-02-24,-0.01861043367414507,3.582934053284288
2022-02-25,-0.020267595949560176,3.9327457477103116
2022-02-28,0.2089543478023141,3.9523626571643606
2022-03-01,0.010098507334199414,4.414544891943958
2022-03-02,-0.07266199483522624,4.433061333222645
2022-03-03,0.03521492992169703,4.407880919825904
2022-03-04,-0.01723030611815204,4.388157043968868
2022-03-07,0.06123896453740776,4.876381500271008
2022-03-08,-0.02423810732591119,5.287846763712664
2022-03-09,0.02146988173583679,5.10372579938295
2022-03-10,0.02463098377868365,5.133374543239379
2022-03-11,0.06947345009100586,5.766219413124767
2022-03-14,0.05140059863135611,5.130840685176639
2022-03-15,-0.06936206653707859,5.46953250496976
2022-03-16,0.09739816110147682,5.547695557173935
2022-03-17,0.05616578349839955,6.206747712710512
2022-03-18,0.1259901030926854,6.677566493165766
2022-03-21,0.018972452853898803,6.0075762919144875
2022-03-22,0.0972003679974957,5.896729098701017
2022-03-23,0.01876787498021919,6.0530828436932245
2022-03-24,0.16749311914240025,6.004509913566356
2022-03-25,0.19069507645696807,6.170600632153673
2022-03-28,0.08400218279368189,6.085778240722955
2022-03-29,0.1901954269638444,5.957309605472963
2022-03-30,0.06579431603213852,6.112167050072813
2022-03-31,0.15259749233456166,5.862577992762436
2022-04-01,0.15548761285655283,6.311950439626585
2022-04-04,0.09923843638453084,5.985901960196228
2022-04-05,0.029017416281741988,6.652247719398445
2022-04-06,0.1697647768952993,5.601205367290881
2022-04-07,0.030687400915422002,6.0083185882268335
2022-04-08,0.09503268756509434,5.578638389494494
2022-04-11,0.013144145373577566,6.125855436361598
2022-04-12,0.07131386168586268,6.012553218258736
2022-04-13,0.14700330316425964,5.715011574587843
2022-04-14,0.10010357377412915,6.362858451670842
2022-04-18,0.17804697957398039,5.857567823409967
2022-04-19,0.1604340971088075,5.6768245375808775
2022-04-20,0.13678602779662072,5.562621217888934
2022-04-21,0.03182712291647681,5.673792899668235
2022-04-22,0.06350218675693403,5.556243267689966
2022-04-25,0.11389999246425334,5.9232777875922435
2022-04-26,0.06633691410075598,5.864745446653953
2022-04-27,-0.07886380978063301,6.386648550852555
2022-04-28,-0.10047433620069708,6.494871611805076
2022-04-29,-0.055168981372598236,6.222569362653712
2022-05-02,0.14541270196676767,6.1259464994956305
2022-05-03,0.0866537617495641,5.94714603800297
2022-05-04,-0.1723527856877031,6.3756218198902666
2022-05-05,0.03417906310855126,6.661113013619837
2022-05-06,0.1453469279357035,6.279601771818151
2022-05-09,-0.18110714366378614,6.930650861001438
2022-05-10,-0.0033569196001237388,7.258886745653163
2022-05-11,-0.02207479422947096,7.382930956134501
2022-05-12,-0.11546979727978382,6.384011449355182
2022-05-13,-0.0198823824219537,7.503514414744892
2022-05-16,-0.040988772097463835,6.998457830737872
2022-05-17,0.02405705900731951,6.454392142825181
2022-05-18,-0.09920556563711239,7.611657527003511
2022-05-19,-0.049164614830860105,7.682406848730867
2022-05-20,-0.063723529983902,7.435644008884506
2022-05-23,-0.02607620608010936,7.710349321929802
2022-05-24,0.1453022204264225,7.347331934312829
2022-05-25,0.09058208924417838,7.796958923279413
2022-05-26,0.055807026858061944,7.7098009692474045
2022-05-27,0.05678833396523845,8.080539001699446
2022-05-31,0.0646932164071828,6.864360059036628
2022-06-01,0.02594876926361185,7.3414898235347765
2022-06-02,0.17150116894904707,8.154667957996693
2022-06-03,0.07094653159284642,7.201974287350338
2022-06-06,-0.006158067675013542,7.149461295606586
2022-06-07,0.02395614568721314,7.989890768807426
2022-06-08,-0.08587697311662262,7.551802432903676
2022-06-09,0.19365018913947935,7.974821054760993
2022-06-10,-0.0055786413129904735,7.543255033719933
2022-06-13,-0.0792500389892314,7.792362465498715
2022-06-14,-0.12870550599301603,8.84392198625718
2022-06-15,-0.035792874192599106,8.357902887912882
2022-06-16,-0.19144041052834002,9.186877964840255
2022-06-17,-0.0008285635812045484,9.146306921738965
2022-06-21,0.021702284921857908,8.628156237192664
2022-06-22,-0.05993996639799716,8.627017223330828
2022-06-23,0.07903669409868568,8.974816626171577
2022-06-24,-0.0461152740698058,8.864011344312708
2022-06-27,0.07441196115627,9.080447716392136
2022-06-28,-0.11980623242695754,9.822881415664572
2022-06-29,-0.11002227135911369,9.409570516219299
2022-06-30,0.14714889782061624,9.61598937549961
2022-07-01,-0.03913605952303223,9.57588541551807
2022-07-05,-0.08876363278635423,9.031261979205858
2022-07-06,-0.06793435410861086,9.478747482370258
2022-07-07,-0.13869762722340592,9.248526044999227
2022-07-08,-0.024129150244399034,9.245622041360805
2022-07-11,-0.24772157677571402,9.95888626020712
2022-07-12,-0.0765151201591863,9.96625441056713
2022-07-13,-0.24347448947246858,9.90687068585743
2022-07-14,-0.05008804570627432,9.174407752550561
2022-07-15,-0.12777689851842838,10.841063197444797
2022-07-18,-0.3024947432611182,9.83390862035284
2022-07-19,-0.04691654491707131,10.288737112464544
2022-07-20,-0.05818587774235138,9.78517833311935
2022-07-21,-0.23874221698594364,11.270401763815558
2022-07-22,-0.2474833688247462,10.10069324230661
2022-07-25,0.023708707531821718,10.192325967992536
2022-07-26,-0.20075568590355772,10.054053483743536
2022-07-27,-0.2152028771070568,10.69938248872555
2022-07-28,-0.19483738548930077,9.624901089411843
2022-07-29,-0.09157276874749232,10.497389690474538
2022-08-01,-0.2261201672847795,10.02676232667258
2022-08-02,-0.19875395669560023,11.227540103463776
2022-08-03,-0.03380412872168771,10.382747774950225
2022-08-04,-0.13085274992031035,10.610841390680159
2022-08-05,-0.2709430727151995,11.05382761691984
2022-08-08,-0.15366564699279842,10.817260316508111
2022-08-09,-0.04669474650436703,11.123858384632163
2022-08-10,0.0007435900565439848,10.994790517619698
2022-08-11,-0.060915555307699494,11.3823565491586
2022-08-12,0.2044616253647933,10.618616483033962
2022-08-15,-0.28930150523920284,11.185735961016343
2022-08-16,-0.23956480799989494,11.189199732067236
2022-08-17,0.10759563548427965,11.702280628752215
2022-08-18,0.05943943220831224,10.884809708243534
2022-08-19,-0.15200250174336913,11.029679244524916
2022-08-22,-0.02233250113950416,11.011395608288048
2022-08-23,-0.15969712579677797,11.092403747709344
2022-08-24,-0.014889753013404956,10.972076895247694
2022-08-25,-0.03589294168906059,11.17451989288745
2022-08-26,0.017522319579527698,10.542629759544797
2022-08-29,-0.09078263512390794,10.819911550603603
2022-08-30,-0.024152216759229305,10.445694996466283
2022-08-31,-0.2786698687532343,11.511424796069369
2022-09-01,-0.05354871549549578,11.007773220165857
2022-09-02,-0.2188602325521423,10.946217686951725
2022-09-06,-0.019791645446617066,11.477613630719523
2022-09-07,-0.19339679746932903,11.271356380320377
2022-09-08,-0.15808754147157772,11.029767571744891
2022-09-09,-0.10372762732144457,11.99006380243097
2022-09-12,-0.19313979363840125,11.48054465378646
2022-09-13,-0.11727722935754056,12.005790232353432
2022-09-14,-0.14775953788717616,11.626359860948575
2022-09-15,0.14357844896486655,11.88978671269229
2022-09-16,-0.11507588895471442,12.139490942156684
2022-09-19,-0.12329566505833384,12.283354907601117
2022-09-20,0.06289950079894938,10.68526962505296
2022-09-21,0.10999405551562143,10.564395209934602
2022-09-22,0.0038146031174354105,12.037115380020474
2022-09-23,-0.08021314982402063,11.76057421822791
2022-09-26,-0.12817563824210643,12.395079779198571
2022-09-27,-0.3551370142111777,11.504752297835356
2022-09-28,-0.3761979506926135,12.146754181089493
2022-09-29,-0.1818031316876357,12.4106607133521
2022-09-30,-0.234071971483114,12.739870027607871
2022-10-03,-0.30781381723206647,12.24456443473069
2022-10-04,-0.2754005227706947,12.612335662415592
2022-10-05,0.0932301550809901,12.321564855381286
2022-10-06,-0.22505959965781286,12.7700992020604
2022-10-07,-0.15889250246830317,13.393092115255591
2022-10-10,-0.2014171595649601,13.670705961478623
2022-10-11,-0.4012179231214937,13.938951271073329
2022-10-12,-0.2694679290469423,12.960540181617574
2022-10-13,-0.3353267789589002,12.896141186610533
2022-10-14,-0.4130801691750002,14.133017492342272
2022-10-17,-0.24320957500347742,14.555697904957384
2022-10-18,-0.39576030849754623,16.414174346116795
2022-10-19,-0.2647381951867521,13.69904771889187
2022-10-20,-0.3060966293048515,14.634089504797892
2022-10-21,-0.03908297548529013,15.230189416145665
2022-10-24,-0.2565578995603053,14.139063218534325
2022-10-25,0.000987082671470887,14.345064494862713
2022-10-26,-0.20820868387122965,13.60428066956501
2022-10-27,-0.1000532159185491,14.420203134986673
2022-10-28,0.010640203542170639,15.0077327389887
2022-10-31,-0.26509662150287355,14.606522364910969
2022-11-01,-0.2946287069630087,14.79362527672104
2022-11-02,0.0752787614928748,13.858840691433505
2022-11-03,-0.06186191333619058,13.759572976105643
2022-11-04,-0.1089435061171417,14.691862138924963
2022-11-07,-0.04333043461286562,14.21149497101413
2022-11-08,-0.03407832019559831,13.314567345169813
2022-11-09,-0.27027223325508853,14.326552356757952
2022-11-10,-0.16766706607976944,14.940204651687738
2022-11-11,0.20901603726477078,15.053280064234489
2022-11-14,0.1943258463820607,16.565101404355534
2022-11-15,-0.05118515260764882,15.719705812324039
2022-11-16,-0.14720726712859827,15.376196284888723
2022-11-17,-0.17289314288217214,15.452440062736079
2022-11-18,-0.3097099422467453,15.17994180710957
2022-11-21,-0.297104834038612,16.68825167622189
2022-11-22,-0.02875621614811689,18.723971265448657
2022-11-23,-0.23324167910748353,18.263694158594543
2022-11-25,-0.036679039635492516,18.418346096805347
2022-11-28,0.2097022691406093,16.899777244152727
2022-11-29,-0.03814104739372984,18.460262855289052
2022-11-30,-0.09260430208067964,17.23608457822769
2022-12-01,0.07182433542244451,18.25549257717994
2022-12-02,-0.03534187211628363,18.210618401117383
2022-12-05,-0.022359123180817845,24.484877250151435
2022-12-06,0.19672723944717416,24.877621533318344
2022-12-07,0.07809797459373066,25.228285611559368
2022-12-08,0.07798764500034226,21.994101502968398
2022-12-09,-0.2955605709482748,21.03782413957341
2022-12-12,0.03741422457024376,21.08547251605876
2022-12-13,0.0378095685679351,20.772594533836465
2022-12-14,0.20360044534817495,20.64093960578011
2022-12-15,-0.05097366691463989,20.493451970964934
2022-12-16,-0.3672548270773098,22.580628778840808
2022-12-19,0.015875000180895257,21.493144605644872
2022-12-20,-0.24015606971713516,21.90802002489718
2022-12-21,0.028911052666833775,20.794704513097386
2022-12-22,0.053188687400298404,22.074348558795478
2022-12-23,-0.2765983987895377,20.25994346198453
2022-12-27,-0.1438106238458618,20.284413648915894
2022-12-28,0.048500803539061624,21.834954439698084
2022-12-29,0.006412650524953886,16.453331801238058
2022-12-30,-0.02232717385046331,19.754120073378377
2023-01-03,-0.057088200291929764,21.370778929339597
2023-01-04,-0.3128829213496704,21.059950560341164
2023-01-05,-0.2129805607492513,19.897846261777836
2023-01-06,-0.03605608255886546,20.429653018762124
2023-01-09,0.00577473797447341,20.43483465044036
2023-01-10,-0.0521085245459976,20.61231817788333
2023-01-11,-0.08815690066553201,20.263771391765424
2023-01-12,-0.004328583336434874,23.404410563855112
2023-01-13,0.09317992536283438,19.354204978257506
2023-01-17,-0.010699044045593976,21.53107159757986
2023-01-18,-0.06086320604966926,19.476037579727464
2023-01-19,0.05690875408806106,19.496932455458847
2023-01-20,-0.14736400725666732,19.68701569771094
2023-01-23,0.3790860170125569,19.762580797214934
2023-01-24,0.05474704366786198,19.8520189871965
2023-01-25,0.1807586671159428,21.103603070716673
2023-01-26,0.043341777191866666,20.85947691204453
2023-01-27,0.11952193906933045,21.931280466356565
2023-01-30,0.17881494356888272,18.558161398723968
2023-01-31,0.06754010998721348,19.229220603430026
2023-02-01,0.32996231165613144,21.04939657840728
2023-02-02,0.10451182717777706,20.371033722457156
2023-02-03,0.24403978945866378,20.280479732703146
2023-02-06,0.027808216809036033,20.379206826608176
2023-02-07,0.14553879752569596,19.523002236477414
2023-02-08,0.2703831779063128,21.525022186408425
2023-02-09,0.4549745461696902,18.422845746986706
2023-02-10,0.5319694857150891,18.773069850471135
2023-02-13,0.0633732989935961,19.212043095570564
2023-02-14,0.09989265120690845,19.7602990634948
2023-02-15,0.2513897187974104,18.41582570988226
2023-02-16,0.276219419265202,20.412160468595
2023-02-17,0.09250933687866672,19.937288907807464
2023-02-21,0.09536484912177227,18.728121650336114
2023-02-22,0.16619322732337571,17.231304427641216
2023-02-23,0.36525660338969734,18.974946585634612
2023-02-24,0.030552710861243396,18.421605236945293
2023-02-27,-0.02670263774491198,18.85809725351104
2023-02-28,0.1469932866846453,18.20207626821682
2023-03-01,0.10635831823495935,19.684720423267144
2023-03-02,-0.014741872900643521,17.700350481257296
2023-03-03,0.15924173580218717,19.521066113630596
2023-03-06,-0.0068146612342680655,17.71983663629254
2023-03-07,-0.04805158266380999,17.92442761097761
2023-03-08,0.22508377424181958,17.303226392650075
2023-03-09,0.13713213630930415,18.228720717824224
2023-03-10,0.09808100150921588,16.487801839095294
2023-03-13,0.04285704746005466,16.92131349686428
2023-03-14,-0.1059740489133065,16.841524508950023
2023-03-15,0.19755083914525556,15.441891557223189
2023-03-16,-0.008632713339983951,16.8492414975245
2023-03-17,0.2785500456990146,16.178187006503077
2023-03-20,0.13740822768843503,16.57829464083083
2023-03-21,0.3693663059798448,15.472778066795989
2023-03-22,0.5142538097228676,16.2103625231251
2023-03-23,0.18763255901159612,16.27744949162063
2023-03-24,0.1701289325484052,16.784512532722168
2023-03-27,0.4649371985547497,17.476570238129813
2023-03-28,0.1104199727098942,17.27468995307467
2023-03-29,0.1705228187710672,16.817102730144075
2023-03-30,0.2946862100595737,17.667058272879206
2023-03-31,0.2341455303768989,16.344162146608486
2023-04-03,0.4939770830336141,16.030074741008292
2023-04-04,0.19630366631971516,17.189704278061022
2023-04-05,0.4299647607918699,16.35563996841822
2023-04-06,0.25584005722378267,15.59836873363211
2023-04-10,0.43649492395864614,15.00220996043156
2023-04-11,0.20399208302153743,16.289617865266933
2023-04-12,0.3736213312089799,14.917226445418688
2023-04-13,0.27081617543932734,14.96982473950445
2023-04-14,0.4104581814629393,15.620665644686946
2023-04-17,0.5734536764906352,14.999193229484444
2023-04-18,0.4457352032036248,15.030972776167328
2023-04-19,0.3820330228661754,15.398962745367047
2023-04-20,0.32484128923782657,14.682832078767529
2023-04-21,0.09999261894039381,14.155126087388432
2023-04-24,0.47488860403923616,13.877112520969998
2023-04-25,0.2533426297689624,14.3968760592923
2023-04-26,0.29839812221439416,14.423420696660349
2023-04-27,0.45015317348144274,15.624399642900665
2023-04-28,0.4427939352268246,14.581789071002426
2023-05-01,0.29998901795429056,15.24173333464324
2023-05-02,0.3403186828934985,14.058083117003196
2023-05-03,0.3353117889069588,14.205529063805171
2023-05-04,0.1759851647082241,15.25266937872334
2023-05-05,0.2593622067703328,15.068055271483514
2023-05-08,0.37675367710530294,14.904337519676224
2023-05-09,0.3593644451601352,14.200553138363025
2023-05-10,0.3511361716859686,14.577994340575115
2023-05-11,0.3799826039117107,14.51367495337841
2023-05-12,0.20265519984870253,13.924658404013053
2023-05-15,0.08587847042182947,13.943781029742917
2023-05-16,0.09128434897993944,14.85570702496585
2023-05-17,0.05377910886563686,14.424780336651647
2023-05-18,0.08070046626587331,13.398944447340572
2023-05-19,0.48461883511552595,13.092203815679397
2023-05-22,0.32779264164991295,13.856703336861479
2023-05-23,0.4212995035627066,14.5386191381237
2023-05-24,0.2842952457971248,12.621838396428677
2023-05-25,0.2383410555271835,13.882372728748065
2023-05-26,0.12356150126721821,13.395021980486904
2023-05-30,0.41754201749256903,13.313944433961085
2023-05-31,0.24991622948731998,13.51025596183672
2023-06-01,0.3328680432820795,12.336788340095286
2023-06-02,0.2524624818888278,13.34557951135447
2023-06-05,0.43847670648901077,13.583032334738679
2023-06-06,0.2841299819782111,13.69063850617995
2023-06-07,0.3261730575554655,14.16536714374436
2023-06-08,0.47115116687447345,13.340849386059993
2023-06-09,0.4174691507501843,12.721728337793174
2023-06-12,0.1220678233818164,12.259191760939258
2023-06-13,0.30445075698716756,12.901101015327484
2023-06-14,0.2769179984019708,13.2645390136075
2023-06-15,0.3129732991064808,13.368309200363072
2023-06-16,0.4515666376234111,13.185886790262574
2023-06-20,0.374731244050865,12.445793599865945
2023-06-21,0.19179522215837627,13.080361074552194
2023-06-22,0.4791504331202788,11.714710674935331
2023-06-23,0.170376998715137,12.737288290171238
2023-06-26,0.4611374304679882,12.645933273256864
2023-06-27,0.44526861164475406,12.101418394638971
2023-06-28,0.41807189873211364,11.28807495697878
2023-06-29,0.6370353328286485,12.398803268988635
2023-06-30,0.5803577655652541,11.828649210712822
2023-07-03,0.6175654456137804,12.467638140450617
2023-07-05,0.34670426606778815,12.598024707752286
2023-07-06,0.3812973293612924,11.597827425136147
2023-07-07,0.2809187397735581,11.834026737010522
2023-07-10,0.3238729332846353,10.749325863680275
2023-07-11,0.4401331115441662,11.247910903351967
2023-07-12,0.5500015853938475,11.777699264403205
2023-07-13,0.4246094652874699,10.063360353788157
2023-07-14,0.3650908740815518,10.42103895272473
2023-07-17,0.5282238192846145,10.4590461819589
2023-07-18,0.5580364879476826,11.438036714258478
2023-07-19,0.37008261245297414,12.188344126220619
2023-07-20,0.572471655955111,11.77247687801932
2023-07-21,0.209079958246344,12.190990271617707
2023-07-24,0.4743393413816059,11.091864946749258
2023-07-25,0.31705422149562934,11.042340040079196
2023-07-26,0.5374489481225517,12.564760465907945
2023-07-27,0.39287956191861995,9.667842433634338
2023-07-28,0.5546381200893044,11.44838347336902
2023-07-31,0.35982781685751825,11.048251566932931
2023-08-01,0.2735664984582553,11.017483366991895
2023-08-02,0.30346401442094206,8.358739097037633
2023-08-03,0.3167963719033704,8.887846458673351
2023-08-04,0.2879080251303584,9.098523787817248
2023-08-07,0.4975056948073873,8.551480563806388
2023-08-08,0.3410279705068061,10.091586657581214
2023-08-09,0.19289339303271413,10.068478071631482
2023-08-10,0.12554180840832857,8.261623379976696
2023-08-11,0.1629493522590125,8.040610683371595
2023-08-14,0.23429664058382424,9.731756798404655
2023-08-15,0.2194251239723016,7.386109732132166
2023-08-16,0.1333515188637149,5.976909678893693
2023-08-17,0.10489046424958072,5.358071089881704
2023-08-18,0.23415642202530515,5.559393074251857
2023-08-21,0.1270224894633554,5.3424370328755835
2023-08-22,0.13574783753903552,5.286261363348073
2023-08-23,0.09355610595225965,4.242359713026365
2023-08-24,0.09331659326220187,4.743724134326725
2023-08-25,0.08750940236912132,4.661024201233879
2023-08-28,0.10764883649241164,4.661520003180835
2023-08-29,0.20219068864243905,4.4547466648143175
2023-08-30,0.16883227824621028,5.9871163489181205
2023-08-31,0.22148591965977305,5.316669577172441
2023-09-01,0.16701655286618777,4.5517615634179815
2023-09-05,0.2088189144987489,4.503896087168643
2023-09-06,0.10012040048832907,4.509558326058835
2023-09-07,0.2069435047433464,4.431794054574337
2023-09-08,0.32336992435796225,4.230779434924807
2023-09-11,0.16795655152730682,4.388039131712947
2023-09-12,0.2777187956494286,4.390213053881518
2023-09-13,0.20646527902417613,4.319813164982155
2023-09-14,0.15525142499106834,3.865533064428417
2023-09-15,0.2921294258389147,4.35076120830274
2023-09-18,0.21589395596940888,4.359553361419101
2023-09-19,0.2098835715651808,4.13552212152047
2023-09-20,0.11422235920273963,4.145980723736693
2023-09-21,0.17595563540200532,4.24540282948552
2023-09-22,0.17599400578058663,4.099697976597835
2023-09-25,0.07199311192088845,4.183333735273777
2023-09-26,0.21551743363602646,3.936153867843353
2023-09-27,0.23390986459871524,3.83383063206108
2023-09-28,0.15280616499648791,4.03101743267645
2023-09-29,0.2454940754581147,4.305383650627038
2023-10-02,0.20621305324821373,4.122927821060595
2023-10-03,0.10983729901213388,4.082436903381152
2023-10-04,0.07085307353285561,4.054591440748571
2023-10-05,0.1694761256273605,4.305359368750425
2023-10-06,0.19322516066733508,4.230373168482168
2023-10-09,0.21484602230446523,4.347531301100069
2023-10-10,0.1311904157623355,3.7014007504244315
2023-10-11,0.11999011607003864,4.306257807064758
2023-10-12,0.19648482975965956,3.8754994823998055
2023-10-13,0.24091408659401334,3.988105444480845
2023-10-16,0.13762680010202522,3.9594284211120914
2023-10-17,0.1003737382674475,3.7371696621711217
2023-10-18,0.13425482512388048,3.833295689459262
2023-10-19,0.1369093239636203,3.7527978627225993
2023-10-20,0.04385503153174109,4.270145166666114
2023-10-23,0.038509639895039034,3.9440726452824175
2023-10-24,-0.010667418507520185,4.0945996759430905
2023-10-25,0.12111339923274538,3.7048532358290314
2023-10-26,-0.005039253095750475,4.16066605878816
2023-10-27,-0.01998267650445245,4.383661506621943
2023-10-30,-0.04576486815539427,4.132962665901495
2023-10-31,-0.06978661822825015,4.2106136288635465
2023-11-01,-0.005673517151602454,4.428529123515487
2023-11-02,0.05738135915768051,4.299582107238318
2023-11-03,0.15014266145641453,4.348946362890893
2023-11-06,0.20568894644647734,4.070603896931348
2023-11-07,0.025802661826634557,4.277061619354121
2023-11-08,-0.005049322758651456,4.266737753726399
2023-11-09,0.16328637823732545,4.052598921200335
2023-11-10,0.12072427338859003,3.914369789664031
2023-11-13,0.04657657655843227,4.1054649703141095
2023-11-14,0.08555765749734777,4.219024940064757
2023-11-15,0.1480901342845741,4.0031404158961825
2023-11-16,0.15231149255832985,4.233239793969794
2023-11-17,0.01598983753236095,4.306877899880171
2023-11-20,0.20586371961102456,4.018628644174856
2023-11-21,0.11113053767511784,4.18288641960192
2023-11-22,0.2569512937379475,3.9469535142461827
2023-11-24,0.21326206465503958,4.218641328351277
2023-11-27,0.1439936816565507,4.173862389410904
2023-11-28,0.12219437104789986,4.395973931029856
2023-11-29,0.3229320730832219,3.9526928850627923
2023-11-30,0.16795668002719585,3.9457794941613473
2023-12-01,0.14500654522593107,4.051346179484011
2023-12-04,0.1577504369287262,3.743916084786745
2023-12-05,0.1807844800944949,3.8981652141358225
2023-12-06,0.03984085006038312,4.092282381478044
2023-12-07,0.12012046844545833,3.973147728529354
2023-12-08,0.2773147497362965,4.027713823870571
2023-12-11,0.21815281759276578,4.1594181398859895
2023-12-12,0.13239446126962778,3.747458826505017
2023-12-13,0.25135827307358666,3.9865824367731757
2023-12-14,0.27450436532554684,3.802884852622201
2023-12-15,0.20336604971782765,3.455621105739999
2023-12-18,0.46034320386785194,5.614024110527018
2023-12-19,0.20072696119610528,5.395771150155131
2023-12-20,0.1902371142083411,5.167866733759496
2023-12-21,0.11667882851410928,3.771167170497024
2023-12-22,0.2332001314093511,5.930480169070243
2023-12-26,0.20066276643145597,5.112151920800108
2023-12-27,0.27604400063115736,4.926516557287823
2023-12-28,0.2519692904207428,5.978216646274341
2023-12-29,0.19441001925291382,5.475444107895093
2024-01-02,0.15920762301445995,3.6723754357485734
2024-01-03,0.16113038422520737,3.527871308152958
2024-01-04,0.22290339209154872,3.859652865019112
2024-01-05,0.09064206068775243,3.4519663392977966
2024-01-08,0.2682722830794769,3.5964177568542866
2024-01-09,0.08809844584460345,3.3510564172470514
2024-01-10,0.16630053204187883,3.4354610359738555
2024-01-11,0.1835586363386303,4.060618992830359
2024-01-12,0.21613191313821323,3.8125449631700192
2024-01-16,0.3583359227556481,3.7775904656954045
2024-01-17,0.1964586104940082,3.656765752564914
2024-01-18,0.12643486333312307,3.445713735733366
2024-01-19,0.1858254206008447,3.919210838667532
2024-01-22,0.10243432799115368,3.557131890734351
2024-01-23,0.1893494429152547,3.790051117197174
2024-01-24,0.17372146884803316,3.8001457766509255
2024-01-25,0.22960973300829796,3.6487355476613414
2024-01-26,0.18561845518165723,3.6170918208126186
2024-01-29,0.19866118453713508,3.724684701231461
2024-01-30,0.2663930689572403,3.6634659921212167
2024-01-31,0.2466028573859296,3.6795634924308698
2024-02-01,0.25287640431073616,3.6564427659385057
2024-02-02,0.15821124374356202,3.8986673825020755
2024-02-05,0.22758791064536243,3.628508926331138
2024-02-06,0.2578929666382461,3.733192912757049
2024-02-07,0.20452223853501297,3.6165094120466894
2024-02-08,0.23848621935850345,3.4904034803377466
2024-02-09,0.33081824545859506,3.6130314650346422
2024-02-12,0.17418110698847983,3.626283953729783
2024-02-13,0.12911956671404212,3.6679146982736603
2024-02-14,0.14762702463392258,3.5533077933803305
2024-02-15,0.28110219889548843,3.8945954966662186
2024-02-16,0.21416588396874942,3.654956955666553
2024-02-20,0.18064593559153444,3.6918279185317076
2024-02-21,0.09352849549683805,3.6670375492842138
2024-02-22,0.1910550713616675,3.7112610373340704
2024-02-23,0.29723069145207465,3.71522727900866
2024-02-26,0.23980355527349947,3.2559804357894975
2024-02-27,0.32776178241664355,3.784711046855569
2024-02-28,0.2662158524578576,3.836958371117196
2024-02-29,0.1757436147096304,3.7840708511596177
2024-03-01,0.21611096600257218,3.653802219909691
2024-03-04,0.24106686244312103,3.606850698117488
2024-03-05,0.19951597698633364,3.3318589981178777
2024-03-06,0.22672481763920796,3.732216036522953
2024-03-07,0.22340544143959687,3.5488139461462542
2024-03-08,0.19533626673944865,3.607886104761334
2024-03-11,0.19059088796092624,3.221181501629827
2024-03-12,0.16927440931469195,3.1104143933505704
2024-03-13,0.38594877610942396,5.472314253719889
2024-03-14,0.3758009143795027,5.494396724859293
2024-03-15,0.08356244143569741,5.024544925065483
2024-03-18,0.3255774181278165,5.187008116420881
2024-03-19,0.05410718869208792,3.6415466856024676
2024-03-20,0.17656982014309058,3.324894873067501
2024-03-21,0.2441342676009273,3.763284942858654
2024-03-22,0.21385573571889324,5.227830807026948
2024-03-25,0.2598702857602056,5.148050455472322
2024-03-26,0.27497891506635364,3.100062810473816
2024-03-27,0.1932475353538088,3.372704924556522
2024-03-28,0.22772441703736063,3.6004852770609626
2024-04-01,0.23658255764276262,3.115367076574028
2024-04-02,0.27016964493180956,3.5070078156174436
2024-04-03,0.10307975623098037,3.611606851788011
2024-04-04,0.21789801278981705,3.1584350932132312
2024-04-05,0.15206406133170333,4.831784931418992
2024-04-08,0.21777970468273944,4.304195990317388
2024-04-09,0.3113615981752097,5.347503888051753
2024-04-10,0.2991697965943456,5.195354369391954
2024-04-11,0.12702950758271964,3.2442369519266596
2024-04-12,0.19141046587159274,3.1984803382515996
2024-04-15,0.1531196429893187,3.540855871196332
2024-04-16,0.22585299353548688,3.599358551403768
2024-04-17,0.13205663049087926,3.3486751169261257
2024-04-18,0.11649657661129312,3.331833211281898
2024-04-19,0.10813656547933428,3.367364042292006
2024-04-22,0.06395264890063315,3.474325142579115
2024-04-23,0.09095805879920463,3.7424252596584036
2024-04-24,0.2075849610966484,4.906761361515271
2024-04-25,0.22373028695705643,3.3275924365841827
2024-04-26,0.01322227067194853,4.834530260267522
2024-04-29,0.18870145394160978,4.767193653562688
2024-04-30,0.1293128849188199,4.689246458866515
2024-05-01,0.14744457932534502,4.96699350882605
2024-05-02,0.07000353708116504,5.289795720427599
2024-05-03,0.2705507327071631,5.43679445528802
2024-05-06,0.23723526867064948,5.0977603251788
2024-05-07,0.28145058091321573,5.2740366181186875
2024-05-08,0.20874348716126384,5.149338097409155
2024-05-09,0.19781573214591378,4.916983198641912
2024-05-10,0.19277742471130385,4.936242623993861
2024-05-13,0.12252313245965805,4.72919499608055
2024-05-14,0.2188568935748351,4.886657137640677
2024-05-15,0.28070117190604016,5.078524570876247
2024-05-16,0.22503027932101632,4.986341786343212
2024-05-17,0.2866123003427429,5.098730455522064
2024-05-20,0.3089095924489889,4.866437140484852
2024-05-21,0.3085059492786764,7.500475459437161
2024-05-22,0.29940347520220734,7.403432238955524
2024-05-23,0.12922980418147378,4.493996625981513
2024-05-24,0.15822855264127353,7.618155473118116
2024-05-28,0.30120056925660765,7.478235728174425
2024-05-29,0.2765786392540817,7.236097779501461
2024-05-30,0.22418696617177408,4.721434338854306
2024-05-31,0.3576725780565836,4.890834793900809
2024-06-03,0.29624683987312483,6.7558629635562735
2024-06-04,0.21125346347330873,7.077548754077373
2024-06-05,0.268054547878713,7.446329897662528
2024-06-06,0.5195262786535867,7.5871123878527404
2024-06-07,0.34337762615803663,6.991906870416646
2024-06-10,0.356182515034194,4.6370794766029855
2024-06-11,0.3318841925227714,4.773632825316375
2024-06-12,0.3275228418638315,4.413282839008625
2024-06-13,0.27127026018028505,4.888829328061152
2024-06-14,0.2871276307137113,5.102200122384377
2024-06-17,0.2387277689104771,4.795463098289504
2024-06-18,0.21816383027742034,4.561975366192471
2024-06-20,0.292249754394033,4.70798068381466
2024-06-21,0.38774214470069923,4.89966589326103
2024-06-24,0.37372565011415226,4.9859195905891935
2024-06-25,0.2590042153994566,4.52962369802829
2024-06-26,0.3173322908610156,4.558910278757285
2024-06-27,0.3351891357084739,4.566796828892041
2024-06-28,0.48508532153638156,4.385724751072638
2024-07-01,0.35563740953229106,4.791742836313686
2024-07-02,0.4393572695831208,4.3692368386090275
2024-07-03,0.35170442344877983,4.2834136792127016
2024-07-05,0.3545566351568231,4.5339361394751165
2024-07-08,0.39339430062735575,4.494221091671628
2024-07-09,0.4999788002817377,4.562271338159587
2024-07-10,0.46063167072162686,4.482207029104264
2024-07-11,0.33859138654978466,4.293331296255858
2024-07-12,0.38309858631860605,4.723817204935208
2024-07-15,0.28357793174660073,4.431043748656371
2024-07-16,0.4306995753916069,4.311032845046924
2024-07-17,0.30979783477250344,4.556089191410712
2024-07-18,0.4176603042613159,4.2653502773109135
2024-07-19,0.3644530873656194,4.681689828672338
2024-07-22,0.2367334055133979,5.018260950506195
2024-07-23,0.3781664976786382,4.641387412590863
2024-07-24,0.3617840574312825,4.8462394102839985
2024-07-25,0.395805249480734,4.902623185139313
2024-07-26,0.3975314887582397,4.550221353786316
2024-07-29,0.36133568668479804,4.971450962009266
2024-07-30,0.5331611908983764,4.795498160721818
2024-07-31,0.26752021970794615,4.679101857818771
2024-08-01,0.34641482570904575,5.251694668954195
2024-08-02,0.33783781003135077,5.562542457349287
2024-08-05,0.40972000116941,5.344324347513833
2024-08-06,0.28330468313183144,5.227716885587113
2024-08-07,0.29073944877907626,5.174912597320978
2024-08-08,0.2043178787113556,5.425440862405929
2024-08-09,0.27818826244731726,5.720947695324694
2024-08-12,0.2373190227400873,5.199464369644439
2024-08-13,0.36865774825087394,4.956666040655936
2024-08-14,0.35332873809489457,5.029658281783985
2024-08-15,0.3801643612150944,5.391511984384157
2024-08-16,0.323118714411396,5.260840631555464
2024-08-19,0.323456002996912,5.314707411978712
2024-08-20,0.22186217439879027,5.2956966200816655
2024-08-21,0.20433557494550894,4.857164048093266
2024-08-22,0.18188640250104407,5.872110970853031
2024-08-23,0.2836686163609169,5.432308615967765
2024-08-26,0.2832153704188244,5.476233189983902
2024-08-27,0.16125782303013217,5.372695012675696
2024-08-28,0.33698453267872425,5.437560172312471
2024-08-29,0.18667192054555343,5.106032522836554
2024-08-30,0.22852914142866032,4.923505408711424
2024-09-03,0.32655936221369936,5.4081600428958865
2024-09-04,0.04976268093982512,5.723386012804271
2024-09-05,0.266110574838819,5.589191983303049
2024-09-06,0.21381772620467013,3.183222709089075
2024-09-09,0.189887800523562,3.3815221122242423
2024-09-10,0.24742005065740552,3.2229597237458383
2024-09-11,0.17685283975759414,3.3217571735653246
2024-09-12,0.11497091931091201,3.0711146066980115
2024-09-13,0.2516517645181186,3.4264570042684115
2024-09-16,0.2115262737186709,3.391048267722893
2024-09-17,0.29394297258770674,3.38366845027245
2024-09-18,0.17434549306149535,3.19454950003256
2024-09-19,0.13194587132525257,3.230065963814309
2024-09-20,0.14949998596872335,3.5560202217303094
2024-09-23,0.15432869326968773,3.266849348872717
2024-09-24,0.33389162840623055,3.010406454141456
2024-09-25,0.15207721455467088,3.1606003171881367
2024-09-26,0.20556647955228885,3.4650821653831723
2024-09-27,0.19870333068408627,3.280874675313917
2024-09-30,0.216575189642111,3.2286434597436253
2024-10-01,0.2450241424161036,3.3344119807801915
2024-10-02,0.28197920983740066,3.15575563196475
2024-10-03,0.23603494944047654,3.1860417071193186
2024-10-04,0.26383844037615917,3.0802958378867986
2024-10-07,0.20082268643172843,3.2253095174738116
2024-10-08,0.25984097090448377,3.142033487352457
2024-10-09,0.15568697490600933,3.3630333044835723
2024-10-10,0.23727612606576995,3.118502835074453
2024-10-11,0.268009751338512,3.2133024949023383
2024-10-14,0.25640684134617,3.0828970821726056
2024-10-15,0.17087414960702949,3.143566777403282
2024-10-16,0.17598451356242925,3.0288606410354406
2024-10-17,0.2735821972180406,2.841618350922954
2024-10-18,0.1921704467505416,3.0557817647610444
2024-10-21,0.1356423756134621,2.9278649892595445
2024-10-22,0.21090992260801,3.3255999738974857
2024-10-23,0.23416706912140864,3.2093552183549052
2024-10-24,0.13356463051489825,3.091697924828847
2024-10-25,0.18306117623128626,3.017893492181177
2024-10-28,0.2819809161885572,3.567382580107811
2024-10-29,0.17081643221304116,3.1691628209912044
2024-10-30,0.22278711565537862,3.5898901507004046
2024-10-31,0.2930529185662351,3.6317081719804145
2024-11-01,0.21368547234296573,3.5021357328549483
2024-11-04,0.08983860459512405,3.7396446970336203
2024-11-05,0.2625026345953448,3.765962431604724
2024-11-06,0.18844334575465424,3.8265891926389024
2024-11-07,0.18573623680006496,3.681906714417509
2024-11-08,0.34381830998333307,3.7257117482399233
2024-11-11,0.16339671213223994,3.7587675802934437
2024-11-12,0.2031245753101792,3.4960080085037517
2024-11-13,0.21978306066302372,3.506686200854497
2024-11-14,0.2879654325651559,3.5296192577430094
2024-11-15,0.21384921747531252,3.4859965070012824
2024-11-18,0.20375217132210544,3.368539299283752
2024-11-19,0.3084781642623803,3.7571391316292226
2024-11-20,0.29275335673804304,3.585239722644156
2024-11-21,0.13159511011097066,3.6138421748946814
2024-11-22,0.21375323925284517,3.440639251163026
2024-11-25,0.175348745068445,3.588398105131917
2024-11-26,0.24582335526430774,3.466630749397303
2024-11-27,0.25503194363358933,3.3697584939704748
2024-11-29,0.23478568073812886,3.26511920834163
2024-12-02,0.24568854446025426,3.1201810630217657
2024-12-03,0.2246382736541094,3.1858964856511016
2024-12-04,0.28134843983695085,3.4768412986033495
2024-12-05,0.25098887430815825,3.408856316264525
2024-12-06,0.34087400627532927,3.2855479885354804
2024-12-09,0.20149550844900313,3.6522627131120915
2024-12-10,0.23911918631472884,3.5726229178868714
2024-12-11,0.2716650076328632,3.6541834738422576
2024-12-12,0.19985191786433837,3.4264768454858974
2024-12-13,0.1556082705047756,3.171054299930491
2024-12-16,0.18870323757114343,3.753156176525442
2024-12-17,0.16807827254639263,3.469124874976368
2024-12-18,0.21237633956580226,3.5575279263833925
2024-12-19,0.22300997764458208,3.795898215766785
2024-12-20,0.03326584864122104,3.8285173855703323
2024-12-23,0.0957195978427163,3.6514237419722844
2024-12-24,0.1571260849889649,3.728076420884055
2024-12-26,0.23620713390114662,3.842837923168007
2024-12-27,0.1694361437264774,3.6151193555822654
2024-12-30,0.19376744680133362,3.798583770773179
2024-12-31,0.09033140957889671,3.6457458114206793
